age_group,avg_house_value
50,243934.98562874252
0,228541.6380952381
30,207694.4258505917
40,204767.9019944242
20,196940.28530913216
10,189754.04674796748
