income_category,avg_house_value
Very High,328225.13927700155
High,227656.48658367913
Median,190584.71655989127
Low,144222.17214778726
Very Low,112512.67486674867
