ocean_proximity,avg_house_value
ISLAND,380440
NEAR BAY,259212.31179039303
NEAR OCEAN,249433.97742663656
<1H OCEAN,240084.28546409807
INLAND,124805.39200122119
